timestamp,src_ip,session,command
2026-08-07T02:24:49.993900Z,125.227.156.55,10fe71fcb32b,scp -t /tmp/8R5cdKpU
2026-08-07T02:24:50.206137Z,125.227.156.55,2093aa8493e4,scp -t /tmp/8R5cdKpU
2026-08-07T10:55:38.078181Z,92.118.39.71,d9c8c2451e8c,"export PATH=/usr/local/sbin:/usr/local/bin:/usr/sbin:/usr/bin:/sbin:/bin:$PATH
uname=$(uname -s -v -n -m 2>/dev/null || /bin/uname -s -v -n -m 2>/dev/null || /usr/bin/uname -s -v -n -m 2>/dev/null || busybox uname -s -v -n -m 2>/dev/null || ( [ -f /proc/version ] && head -1 /proc/version | cut -d' ' -f1 ) || ( [ -f /etc/os-release ] && grep '^ID=' /etc/os-release | cut -d= -f2 | tr -d '""' ) || echo """")
arch=$(uname -m 2>/dev/null || /bin/uname -m 2>/dev/null || /usr/bin/uname -m 2>/dev/null || busybox uname -m 2>/dev/null || ( [ -f /proc/cpuinfo ] && grep -q ""lm"" /proc/cpuinfo && echo x86_64 ) || ( [ -f /proc/cpuinfo ] && grep -q ""CPU architecture: 8"" /proc/cpuinfo && echo aarch64 ) || ( [ -f /proc/cpuinfo ] && grep -q ""CPU architecture: 7"" /proc/cpuinfo && echo armv7l ) || echo """")
uptime=$(cat /proc/uptime 2>/dev/null || busybox cat /proc/uptime 2>/dev/null)
cpus=$(nproc 2>/dev/null || /usr/bin/nproc 2>/dev/null || busybox nproc 2>/dev/null || grep -c ""^processor"" /proc/cpuinfo 2>/dev/null)
cpu_model=$( { lscpu 2>/dev/null | awk -F: '/Model name/ {print $2}'; grep -m1 -E ""^model name"" /proc/cpuinfo 2>/dev/null | cut -d: -f2-; grep -m1 -E ""^Hardware"" /proc/cpuinfo 2>/dev/null | cut -d: -f2-; cat /proc/device-tree/model 2>/dev/null; } | sed '/^$/d; /unknown/d; s/^[[:space:]]*//; s/[[:space:]]*$//; s/ AArch64 Processor$//; s/ Processor$//; s/ CPU$//' | head -1 )
gpu_info=$( (lspci 2>/dev/null | grep -i vga; lspci 2>/dev/null | grep -i nvidia; busybox lspci 2>/dev/null | grep -i vga; busybox lspci 2>/dev/null | grep -i nvidia) 2>/dev/null )
last_output=$(last 2>/dev/null)
filter_output=$( ( export LANG=C LC_ALL=C; echo '===SHELL_BEHAVIOR==='; printf 'path_err='; ( ./xxxxxx 2>&1 || true ) | ( head -c 250 2>/dev/null || busybox head -c 250 2>/dev/null || dd bs=250 count=1 2>/dev/null ) | ( tr -d '\n' 2>/dev/null || busybox tr -d '\n' 2>/dev/null || cat ); printf '\n'; printf 'cmd_err='; ( xxxxxx 2>&1 || true ) | ( head -c 250 2>/dev/null || busybox head -c 250 2>/dev/null || dd bs=250 count=1 2>/dev/null ) | ( tr -d '\n' 2>/dev/null || busybox tr -d '\n' 2>/dev/null || cat ); printf '\n'; printf 'execute_err='; out=$(bash -c 'printf ""#!/bin/bash\necho \""xxxxxx\""\n"" > filter && chmod +x filter && ./filter && rm -rf filter' 2>&1); case ""$out"" in *xxxxxx*) ;; *) out=$(/bin/bash -c 'printf ""#!/bin/bash\necho \""xxxxxx\""\n"" > filter && chmod +x filter && ./filter && rm -rf filter' 2>&1); case ""$out"" in *xxxxxx*) ;; *) out=$(/usr/bin/bash -c 'printf ""#!/bin/bash\necho \""xxxxxx\""\n"" > filter && chmod +x filter && ./filter && rm -rf filter' 2>&1); case ""$out"" in *xxxxxx*) ;; *) out=$(busybox sh -c 'printf ""#!/bin/sh\necho \""xxxxxx\""\n"" > filter && chmod +x filter && ./filter && rm -rf filter' 2>&1 || sh -c 'printf ""#!/bin/sh\necho \""xxxxxx\""\n"" > filter && chmod +x filter && ./filter && rm -rf filter' 2>&1); esac; esac; esac; printf '%s' ""$out"" | ( head -c 250 2>/dev/null || busybox head -c 250 2>/dev/null || dd bs=250 count=1 2>/dev/null ) | ( tr -d '\n' 2>/dev/null || busybox tr -d '\n' 2>/dev/null || cat ); printf '\n'; echo '===DONE===' ) 2>&1 )
echo ""UNAME:$uname""
echo ""ARCH:$arch""
echo ""UPTIME:$uptime""
echo ""CPUS:$cpus""
echo ""CPU_MODEL:$cpu_model""
echo ""GPU:$gpu_info""
echo ""LAST:$last_output""
echo ""FILTER:$filter_output"""
2026-08-07T10:57:20.771863Z,92.118.39.71,1089ed1a8885,"export PATH=/usr/local/sbin:/usr/local/bin:/usr/sbin:/usr/bin:/sbin:/bin:$PATH
uname=$(uname -s -v -n -m 2>/dev/null || /bin/uname -s -v -n -m 2>/dev/null || /usr/bin/uname -s -v -n -m 2>/dev/null || busybox uname -s -v -n -m 2>/dev/null || ( [ -f /proc/version ] && head -1 /proc/version | cut -d' ' -f1 ) || ( [ -f /etc/os-release ] && grep '^ID=' /etc/os-release | cut -d= -f2 | tr -d '""' ) || echo """")
arch=$(uname -m 2>/dev/null || /bin/uname -m 2>/dev/null || /usr/bin/uname -m 2>/dev/null || busybox uname -m 2>/dev/null || ( [ -f /proc/cpuinfo ] && grep -q ""lm"" /proc/cpuinfo && echo x86_64 ) || ( [ -f /proc/cpuinfo ] && grep -q ""CPU architecture: 8"" /proc/cpuinfo && echo aarch64 ) || ( [ -f /proc/cpuinfo ] && grep -q ""CPU architecture: 7"" /proc/cpuinfo && echo armv7l ) || echo """")
uptime=$(cat /proc/uptime 2>/dev/null || busybox cat /proc/uptime 2>/dev/null)
cpus=$(nproc 2>/dev/null || /usr/bin/nproc 2>/dev/null || busybox nproc 2>/dev/null || grep -c ""^processor"" /proc/cpuinfo 2>/dev/null)
cpu_model=$( { lscpu 2>/dev/null | awk -F: '/Model name/ {print $2}'; grep -m1 -E ""^model name"" /proc/cpuinfo 2>/dev/null | cut -d: -f2-; grep -m1 -E ""^Hardware"" /proc/cpuinfo 2>/dev/null | cut -d: -f2-; cat /proc/device-tree/model 2>/dev/null; } | sed '/^$/d; /unknown/d; s/^[[:space:]]*//; s/[[:space:]]*$//; s/ AArch64 Processor$//; s/ Processor$//; s/ CPU$//' | head -1 )
gpu_info=$( (lspci 2>/dev/null | grep -i vga; lspci 2>/dev/null | grep -i nvidia; busybox lspci 2>/dev/null | grep -i vga; busybox lspci 2>/dev/null | grep -i nvidia) 2>/dev/null )
last_output=$(last 2>/dev/null)
filter_output=$( ( export LANG=C LC_ALL=C; echo '===SHELL_BEHAVIOR==='; printf 'path_err='; ( ./xxxxxx 2>&1 || true ) | ( head -c 250 2>/dev/null || busybox head -c 250 2>/dev/null || dd bs=250 count=1 2>/dev/null ) | ( tr -d '\n' 2>/dev/null || busybox tr -d '\n' 2>/dev/null || cat ); printf '\n'; printf 'cmd_err='; ( xxxxxx 2>&1 || true ) | ( head -c 250 2>/dev/null || busybox head -c 250 2>/dev/null || dd bs=250 count=1 2>/dev/null ) | ( tr -d '\n' 2>/dev/null || busybox tr -d '\n' 2>/dev/null || cat ); printf '\n'; printf 'execute_err='; out=$(bash -c 'printf ""#!/bin/bash\necho \""xxxxxx\""\n"" > filter && chmod +x filter && ./filter && rm -rf filter' 2>&1); case ""$out"" in *xxxxxx*) ;; *) out=$(/bin/bash -c 'printf ""#!/bin/bash\necho \""xxxxxx\""\n"" > filter && chmod +x filter && ./filter && rm -rf filter' 2>&1); case ""$out"" in *xxxxxx*) ;; *) out=$(/usr/bin/bash -c 'printf ""#!/bin/bash\necho \""xxxxxx\""\n"" > filter && chmod +x filter && ./filter && rm -rf filter' 2>&1); case ""$out"" in *xxxxxx*) ;; *) out=$(busybox sh -c 'printf ""#!/bin/sh\necho \""xxxxxx\""\n"" > filter && chmod +x filter && ./filter && rm -rf filter' 2>&1 || sh -c 'printf ""#!/bin/sh\necho \""xxxxxx\""\n"" > filter && chmod +x filter && ./filter && rm -rf filter' 2>&1); esac; esac; esac; printf '%s' ""$out"" | ( head -c 250 2>/dev/null || busybox head -c 250 2>/dev/null || dd bs=250 count=1 2>/dev/null ) | ( tr -d '\n' 2>/dev/null || busybox tr -d '\n' 2>/dev/null || cat ); printf '\n'; echo '===DONE===' ) 2>&1 )
echo ""UNAME:$uname""
echo ""ARCH:$arch""
echo ""UPTIME:$uptime""
echo ""CPUS:$cpus""
echo ""CPU_MODEL:$cpu_model""
echo ""GPU:$gpu_info""
echo ""LAST:$last_output""
echo ""FILTER:$filter_output"""
2026-08-07T10:59:01.638139Z,92.118.39.71,550214693d2f,"export PATH=/usr/local/sbin:/usr/local/bin:/usr/sbin:/usr/bin:/sbin:/bin:$PATH
uname=$(uname -s -v -n -m 2>/dev/null || /bin/uname -s -v -n -m 2>/dev/null || /usr/bin/uname -s -v -n -m 2>/dev/null || busybox uname -s -v -n -m 2>/dev/null || ( [ -f /proc/version ] && head -1 /proc/version | cut -d' ' -f1 ) || ( [ -f /etc/os-release ] && grep '^ID=' /etc/os-release | cut -d= -f2 | tr -d '""' ) || echo """")
arch=$(uname -m 2>/dev/null || /bin/uname -m 2>/dev/null || /usr/bin/uname -m 2>/dev/null || busybox uname -m 2>/dev/null || ( [ -f /proc/cpuinfo ] && grep -q ""lm"" /proc/cpuinfo && echo x86_64 ) || ( [ -f /proc/cpuinfo ] && grep -q ""CPU architecture: 8"" /proc/cpuinfo && echo aarch64 ) || ( [ -f /proc/cpuinfo ] && grep -q ""CPU architecture: 7"" /proc/cpuinfo && echo armv7l ) || echo """")
uptime=$(cat /proc/uptime 2>/dev/null || busybox cat /proc/uptime 2>/dev/null)
cpus=$(nproc 2>/dev/null || /usr/bin/nproc 2>/dev/null || busybox nproc 2>/dev/null || grep -c ""^processor"" /proc/cpuinfo 2>/dev/null)
cpu_model=$( { lscpu 2>/dev/null | awk -F: '/Model name/ {print $2}'; grep -m1 -E ""^model name"" /proc/cpuinfo 2>/dev/null | cut -d: -f2-; grep -m1 -E ""^Hardware"" /proc/cpuinfo 2>/dev/null | cut -d: -f2-; cat /proc/device-tree/model 2>/dev/null; } | sed '/^$/d; /unknown/d; s/^[[:space:]]*//; s/[[:space:]]*$//; s/ AArch64 Processor$//; s/ Processor$//; s/ CPU$//' | head -1 )
gpu_info=$( (lspci 2>/dev/null | grep -i vga; lspci 2>/dev/null | grep -i nvidia; busybox lspci 2>/dev/null | grep -i vga; busybox lspci 2>/dev/null | grep -i nvidia) 2>/dev/null )
last_output=$(last 2>/dev/null)
filter_output=$( ( export LANG=C LC_ALL=C; echo '===SHELL_BEHAVIOR==='; printf 'path_err='; ( ./xxxxxx 2>&1 || true ) | ( head -c 250 2>/dev/null || busybox head -c 250 2>/dev/null || dd bs=250 count=1 2>/dev/null ) | ( tr -d '\n' 2>/dev/null || busybox tr -d '\n' 2>/dev/null || cat ); printf '\n'; printf 'cmd_err='; ( xxxxxx 2>&1 || true ) | ( head -c 250 2>/dev/null || busybox head -c 250 2>/dev/null || dd bs=250 count=1 2>/dev/null ) | ( tr -d '\n' 2>/dev/null || busybox tr -d '\n' 2>/dev/null || cat ); printf '\n'; printf 'execute_err='; out=$(bash -c 'printf ""#!/bin/bash\necho \""xxxxxx\""\n"" > filter && chmod +x filter && ./filter && rm -rf filter' 2>&1); case ""$out"" in *xxxxxx*) ;; *) out=$(/bin/bash -c 'printf ""#!/bin/bash\necho \""xxxxxx\""\n"" > filter && chmod +x filter && ./filter && rm -rf filter' 2>&1); case ""$out"" in *xxxxxx*) ;; *) out=$(/usr/bin/bash -c 'printf ""#!/bin/bash\necho \""xxxxxx\""\n"" > filter && chmod +x filter && ./filter && rm -rf filter' 2>&1); case ""$out"" in *xxxxxx*) ;; *) out=$(busybox sh -c 'printf ""#!/bin/sh\necho \""xxxxxx\""\n"" > filter && chmod +x filter && ./filter && rm -rf filter' 2>&1 || sh -c 'printf ""#!/bin/sh\necho \""xxxxxx\""\n"" > filter && chmod +x filter && ./filter && rm -rf filter' 2>&1); esac; esac; esac; printf '%s' ""$out"" | ( head -c 250 2>/dev/null || busybox head -c 250 2>/dev/null || dd bs=250 count=1 2>/dev/null ) | ( tr -d '\n' 2>/dev/null || busybox tr -d '\n' 2>/dev/null || cat ); printf '\n'; echo '===DONE===' ) 2>&1 )
echo ""UNAME:$uname""
echo ""ARCH:$arch""
echo ""UPTIME:$uptime""
echo ""CPUS:$cpus""
echo ""CPU_MODEL:$cpu_model""
echo ""GPU:$gpu_info""
echo ""LAST:$last_output""
echo ""FILTER:$filter_output"""
2026-08-08T23:40:17.306479Z,195.178.110.232,c4158da94ffb,"export PATH=/usr/local/sbin:/usr/local/bin:/usr/sbin:/usr/bin:/sbin:/bin:$PATH
uname=$(uname -s -v -n -m 2>/dev/null || /bin/uname -s -v -n -m 2>/dev/null || /usr/bin/uname -s -v -n -m 2>/dev/null || busybox uname -s -v -n -m 2>/dev/null || ( [ -f /proc/version ] && head -1 /proc/version | cut -d' ' -f1 ) || ( [ -f /etc/os-release ] && grep '^ID=' /etc/os-release | cut -d= -f2 | tr -d '""' ) || echo """")
arch=$(uname -m 2>/dev/null || /bin/uname -m 2>/dev/null || /usr/bin/uname -m 2>/dev/null || busybox uname -m 2>/dev/null || ( [ -f /proc/cpuinfo ] && grep -q ""lm"" /proc/cpuinfo && echo x86_64 ) || ( [ -f /proc/cpuinfo ] && grep -q ""CPU architecture: 8"" /proc/cpuinfo && echo aarch64 ) || ( [ -f /proc/cpuinfo ] && grep -q ""CPU architecture: 7"" /proc/cpuinfo && echo armv7l ) || echo """")
uptime=$(cat /proc/uptime 2>/dev/null || busybox cat /proc/uptime 2>/dev/null)
cpus=$(nproc 2>/dev/null || /usr/bin/nproc 2>/dev/null || busybox nproc 2>/dev/null || grep -c ""^processor"" /proc/cpuinfo 2>/dev/null)
cpu_model=$( { lscpu 2>/dev/null | awk -F: '/Model name/ {print $2}'; grep -m1 -E ""^model name"" /proc/cpuinfo 2>/dev/null | cut -d: -f2-; grep -m1 -E ""^Hardware"" /proc/cpuinfo 2>/dev/null | cut -d: -f2-; cat /proc/device-tree/model 2>/dev/null; } | sed '/^$/d; /unknown/d; s/^[[:space:]]*//; s/[[:space:]]*$//; s/ AArch64 Processor$//; s/ Processor$//; s/ CPU$//' | head -1 )
gpu_info=$( (lspci 2>/dev/null | grep -i vga; lspci 2>/dev/null | grep -i nvidia; busybox lspci 2>/dev/null | grep -i vga; busybox lspci 2>/dev/null | grep -i nvidia) 2>/dev/null )
last_output=$(last 2>/dev/null)
filter_output=$( ( export LANG=C LC_ALL=C; echo '===SHELL_BEHAVIOR==='; printf 'path_err='; ( ./xxxxxx 2>&1 || true ) | ( head -c 250 2>/dev/null || busybox head -c 250 2>/dev/null || dd bs=250 count=1 2>/dev/null ) | ( tr -d '\n' 2>/dev/null || busybox tr -d '\n' 2>/dev/null || cat ); printf '\n'; printf 'cmd_err='; ( xxxxxx 2>&1 || true ) | ( head -c 250 2>/dev/null || busybox head -c 250 2>/dev/null || dd bs=250 count=1 2>/dev/null ) | ( tr -d '\n' 2>/dev/null || busybox tr -d '\n' 2>/dev/null || cat ); printf '\n'; printf 'execute_err='; out=$(bash -c 'printf ""#!/bin/bash\necho \""xxxxxx\""\n"" > filter && chmod +x filter && ./filter && rm -rf filter' 2>&1); case ""$out"" in *xxxxxx*) ;; *) out=$(/bin/bash -c 'printf ""#!/bin/bash\necho \""xxxxxx\""\n"" > filter && chmod +x filter && ./filter && rm -rf filter' 2>&1); case ""$out"" in *xxxxxx*) ;; *) out=$(/usr/bin/bash -c 'printf ""#!/bin/bash\necho \""xxxxxx\""\n"" > filter && chmod +x filter && ./filter && rm -rf filter' 2>&1); case ""$out"" in *xxxxxx*) ;; *) out=$(busybox sh -c 'printf ""#!/bin/sh\necho \""xxxxxx\""\n"" > filter && chmod +x filter && ./filter && rm -rf filter' 2>&1 || sh -c 'printf ""#!/bin/sh\necho \""xxxxxx\""\n"" > filter && chmod +x filter && ./filter && rm -rf filter' 2>&1); esac; esac; esac; printf '%s' ""$out"" | ( head -c 250 2>/dev/null || busybox head -c 250 2>/dev/null || dd bs=250 count=1 2>/dev/null ) | ( tr -d '\n' 2>/dev/null || busybox tr -d '\n' 2>/dev/null || cat ); printf '\n'; echo '===DONE===' ) 2>&1 )
echo ""UNAME:$uname""
echo ""ARCH:$arch""
echo ""UPTIME:$uptime""
echo ""CPUS:$cpus""
echo ""CPU_MODEL:$cpu_model""
echo ""GPU:$gpu_info""
echo ""LAST:$last_output""
echo ""FILTER:$filter_output"""
2026-08-08T23:41:49.643038Z,195.178.110.232,4f3fbf5aa704,"export PATH=/usr/local/sbin:/usr/local/bin:/usr/sbin:/usr/bin:/sbin:/bin:$PATH
uname=$(uname -s -v -n -m 2>/dev/null || /bin/uname -s -v -n -m 2>/dev/null || /usr/bin/uname -s -v -n -m 2>/dev/null || busybox uname -s -v -n -m 2>/dev/null || ( [ -f /proc/version ] && head -1 /proc/version | cut -d' ' -f1 ) || ( [ -f /etc/os-release ] && grep '^ID=' /etc/os-release | cut -d= -f2 | tr -d '""' ) || echo """")
arch=$(uname -m 2>/dev/null || /bin/uname -m 2>/dev/null || /usr/bin/uname -m 2>/dev/null || busybox uname -m 2>/dev/null || ( [ -f /proc/cpuinfo ] && grep -q ""lm"" /proc/cpuinfo && echo x86_64 ) || ( [ -f /proc/cpuinfo ] && grep -q ""CPU architecture: 8"" /proc/cpuinfo && echo aarch64 ) || ( [ -f /proc/cpuinfo ] && grep -q ""CPU architecture: 7"" /proc/cpuinfo && echo armv7l ) || echo """")
uptime=$(cat /proc/uptime 2>/dev/null || busybox cat /proc/uptime 2>/dev/null)
cpus=$(nproc 2>/dev/null || /usr/bin/nproc 2>/dev/null || busybox nproc 2>/dev/null || grep -c ""^processor"" /proc/cpuinfo 2>/dev/null)
cpu_model=$( { lscpu 2>/dev/null | awk -F: '/Model name/ {print $2}'; grep -m1 -E ""^model name"" /proc/cpuinfo 2>/dev/null | cut -d: -f2-; grep -m1 -E ""^Hardware"" /proc/cpuinfo 2>/dev/null | cut -d: -f2-; cat /proc/device-tree/model 2>/dev/null; } | sed '/^$/d; /unknown/d; s/^[[:space:]]*//; s/[[:space:]]*$//; s/ AArch64 Processor$//; s/ Processor$//; s/ CPU$//' | head -1 )
gpu_info=$( (lspci 2>/dev/null | grep -i vga; lspci 2>/dev/null | grep -i nvidia; busybox lspci 2>/dev/null | grep -i vga; busybox lspci 2>/dev/null | grep -i nvidia) 2>/dev/null )
last_output=$(last 2>/dev/null)
filter_output=$( ( export LANG=C LC_ALL=C; echo '===SHELL_BEHAVIOR==='; printf 'path_err='; ( ./xxxxxx 2>&1 || true ) | ( head -c 250 2>/dev/null || busybox head -c 250 2>/dev/null || dd bs=250 count=1 2>/dev/null ) | ( tr -d '\n' 2>/dev/null || busybox tr -d '\n' 2>/dev/null || cat ); printf '\n'; printf 'cmd_err='; ( xxxxxx 2>&1 || true ) | ( head -c 250 2>/dev/null || busybox head -c 250 2>/dev/null || dd bs=250 count=1 2>/dev/null ) | ( tr -d '\n' 2>/dev/null || busybox tr -d '\n' 2>/dev/null || cat ); printf '\n'; printf 'execute_err='; out=$(bash -c 'printf ""#!/bin/bash\necho \""xxxxxx\""\n"" > filter && chmod +x filter && ./filter && rm -rf filter' 2>&1); case ""$out"" in *xxxxxx*) ;; *) out=$(/bin/bash -c 'printf ""#!/bin/bash\necho \""xxxxxx\""\n"" > filter && chmod +x filter && ./filter && rm -rf filter' 2>&1); case ""$out"" in *xxxxxx*) ;; *) out=$(/usr/bin/bash -c 'printf ""#!/bin/bash\necho \""xxxxxx\""\n"" > filter && chmod +x filter && ./filter && rm -rf filter' 2>&1); case ""$out"" in *xxxxxx*) ;; *) out=$(busybox sh -c 'printf ""#!/bin/sh\necho \""xxxxxx\""\n"" > filter && chmod +x filter && ./filter && rm -rf filter' 2>&1 || sh -c 'printf ""#!/bin/sh\necho \""xxxxxx\""\n"" > filter && chmod +x filter && ./filter && rm -rf filter' 2>&1); esac; esac; esac; printf '%s' ""$out"" | ( head -c 250 2>/dev/null || busybox head -c 250 2>/dev/null || dd bs=250 count=1 2>/dev/null ) | ( tr -d '\n' 2>/dev/null || busybox tr -d '\n' 2>/dev/null || cat ); printf '\n'; echo '===DONE===' ) 2>&1 )
echo ""UNAME:$uname""
echo ""ARCH:$arch""
echo ""UPTIME:$uptime""
echo ""CPUS:$cpus""
echo ""CPU_MODEL:$cpu_model""
echo ""GPU:$gpu_info""
echo ""LAST:$last_output""
echo ""FILTER:$filter_output"""
2026-08-08T23:43:24.382403Z,195.178.110.232,29ba7d7a167a,"export PATH=/usr/local/sbin:/usr/local/bin:/usr/sbin:/usr/bin:/sbin:/bin:$PATH
uname=$(uname -s -v -n -m 2>/dev/null || /bin/uname -s -v -n -m 2>/dev/null || /usr/bin/uname -s -v -n -m 2>/dev/null || busybox uname -s -v -n -m 2>/dev/null || ( [ -f /proc/version ] && head -1 /proc/version | cut -d' ' -f1 ) || ( [ -f /etc/os-release ] && grep '^ID=' /etc/os-release | cut -d= -f2 | tr -d '""' ) || echo """")
arch=$(uname -m 2>/dev/null || /bin/uname -m 2>/dev/null || /usr/bin/uname -m 2>/dev/null || busybox uname -m 2>/dev/null || ( [ -f /proc/cpuinfo ] && grep -q ""lm"" /proc/cpuinfo && echo x86_64 ) || ( [ -f /proc/cpuinfo ] && grep -q ""CPU architecture: 8"" /proc/cpuinfo && echo aarch64 ) || ( [ -f /proc/cpuinfo ] && grep -q ""CPU architecture: 7"" /proc/cpuinfo && echo armv7l ) || echo """")
uptime=$(cat /proc/uptime 2>/dev/null || busybox cat /proc/uptime 2>/dev/null)
cpus=$(nproc 2>/dev/null || /usr/bin/nproc 2>/dev/null || busybox nproc 2>/dev/null || grep -c ""^processor"" /proc/cpuinfo 2>/dev/null)
cpu_model=$( { lscpu 2>/dev/null | awk -F: '/Model name/ {print $2}'; grep -m1 -E ""^model name"" /proc/cpuinfo 2>/dev/null | cut -d: -f2-; grep -m1 -E ""^Hardware"" /proc/cpuinfo 2>/dev/null | cut -d: -f2-; cat /proc/device-tree/model 2>/dev/null; } | sed '/^$/d; /unknown/d; s/^[[:space:]]*//; s/[[:space:]]*$//; s/ AArch64 Processor$//; s/ Processor$//; s/ CPU$//' | head -1 )
gpu_info=$( (lspci 2>/dev/null | grep -i vga; lspci 2>/dev/null | grep -i nvidia; busybox lspci 2>/dev/null | grep -i vga; busybox lspci 2>/dev/null | grep -i nvidia) 2>/dev/null )
last_output=$(last 2>/dev/null)
filter_output=$( ( export LANG=C LC_ALL=C; echo '===SHELL_BEHAVIOR==='; printf 'path_err='; ( ./xxxxxx 2>&1 || true ) | ( head -c 250 2>/dev/null || busybox head -c 250 2>/dev/null || dd bs=250 count=1 2>/dev/null ) | ( tr -d '\n' 2>/dev/null || busybox tr -d '\n' 2>/dev/null || cat ); printf '\n'; printf 'cmd_err='; ( xxxxxx 2>&1 || true ) | ( head -c 250 2>/dev/null || busybox head -c 250 2>/dev/null || dd bs=250 count=1 2>/dev/null ) | ( tr -d '\n' 2>/dev/null || busybox tr -d '\n' 2>/dev/null || cat ); printf '\n'; printf 'execute_err='; out=$(bash -c 'printf ""#!/bin/bash\necho \""xxxxxx\""\n"" > filter && chmod +x filter && ./filter && rm -rf filter' 2>&1); case ""$out"" in *xxxxxx*) ;; *) out=$(/bin/bash -c 'printf ""#!/bin/bash\necho \""xxxxxx\""\n"" > filter && chmod +x filter && ./filter && rm -rf filter' 2>&1); case ""$out"" in *xxxxxx*) ;; *) out=$(/usr/bin/bash -c 'printf ""#!/bin/bash\necho \""xxxxxx\""\n"" > filter && chmod +x filter && ./filter && rm -rf filter' 2>&1); case ""$out"" in *xxxxxx*) ;; *) out=$(busybox sh -c 'printf ""#!/bin/sh\necho \""xxxxxx\""\n"" > filter && chmod +x filter && ./filter && rm -rf filter' 2>&1 || sh -c 'printf ""#!/bin/sh\necho \""xxxxxx\""\n"" > filter && chmod +x filter && ./filter && rm -rf filter' 2>&1); esac; esac; esac; printf '%s' ""$out"" | ( head -c 250 2>/dev/null || busybox head -c 250 2>/dev/null || dd bs=250 count=1 2>/dev/null ) | ( tr -d '\n' 2>/dev/null || busybox tr -d '\n' 2>/dev/null || cat ); printf '\n'; echo '===DONE===' ) 2>&1 )
echo ""UNAME:$uname""
echo ""ARCH:$arch""
echo ""UPTIME:$uptime""
echo ""CPUS:$cpus""
echo ""CPU_MODEL:$cpu_model""
echo ""GPU:$gpu_info""
echo ""LAST:$last_output""
echo ""FILTER:$filter_output"""
2026-08-10T16:37:30.580582Z,193.32.162.84,8bf393a4ac3b,"export PATH=/usr/local/sbin:/usr/local/bin:/usr/sbin:/usr/bin:/sbin:/bin:$PATH
uname=$(uname -s -v -n -m 2>/dev/null || /bin/uname -s -v -n -m 2>/dev/null || /usr/bin/uname -s -v -n -m 2>/dev/null || busybox uname -s -v -n -m 2>/dev/null || ( [ -f /proc/version ] && head -1 /proc/version | cut -d' ' -f1 ) || ( [ -f /etc/os-release ] && grep '^ID=' /etc/os-release | cut -d= -f2 | tr -d '""' ) || echo """")
arch=$(uname -m 2>/dev/null || /bin/uname -m 2>/dev/null || /usr/bin/uname -m 2>/dev/null || busybox uname -m 2>/dev/null || ( [ -f /proc/cpuinfo ] && grep -q ""lm"" /proc/cpuinfo && echo x86_64 ) || ( [ -f /proc/cpuinfo ] && grep -q ""CPU architecture: 8"" /proc/cpuinfo && echo aarch64 ) || ( [ -f /proc/cpuinfo ] && grep -q ""CPU architecture: 7"" /proc/cpuinfo && echo armv7l ) || echo """")
uptime=$(cat /proc/uptime 2>/dev/null || busybox cat /proc/uptime 2>/dev/null)
cpus=$(nproc 2>/dev/null || /usr/bin/nproc 2>/dev/null || busybox nproc 2>/dev/null || grep -c ""^processor"" /proc/cpuinfo 2>/dev/null)
cpu_model=$( { lscpu 2>/dev/null | awk -F: '/Model name/ {print $2}'; grep -m1 -E ""^model name"" /proc/cpuinfo 2>/dev/null | cut -d: -f2-; grep -m1 -E ""^Hardware"" /proc/cpuinfo 2>/dev/null | cut -d: -f2-; cat /proc/device-tree/model 2>/dev/null; } | sed '/^$/d; /unknown/d; s/^[[:space:]]*//; s/[[:space:]]*$//; s/ AArch64 Processor$//; s/ Processor$//; s/ CPU$//' | head -1 )
gpu_info=$( (lspci 2>/dev/null | grep -i vga; lspci 2>/dev/null | grep -i nvidia; busybox lspci 2>/dev/null | grep -i vga; busybox lspci 2>/dev/null | grep -i nvidia) 2>/dev/null )
last_output=$(last 2>/dev/null)
filter_output=$( ( export LANG=C LC_ALL=C; echo '===SHELL_BEHAVIOR==='; printf 'path_err='; ( ./xxxxxx 2>&1 || true ) | ( head -c 250 2>/dev/null || busybox head -c 250 2>/dev/null || dd bs=250 count=1 2>/dev/null ) | ( tr -d '\n' 2>/dev/null || busybox tr -d '\n' 2>/dev/null || cat ); printf '\n'; printf 'cmd_err='; ( xxxxxx 2>&1 || true ) | ( head -c 250 2>/dev/null || busybox head -c 250 2>/dev/null || dd bs=250 count=1 2>/dev/null ) | ( tr -d '\n' 2>/dev/null || busybox tr -d '\n' 2>/dev/null || cat ); printf '\n'; printf 'execute_err='; out=$(bash -c 'printf ""#!/bin/bash\necho \""xxxxxx\""\n"" > filter && chmod +x filter && ./filter && rm -rf filter' 2>&1); case ""$out"" in *xxxxxx*) ;; *) out=$(/bin/bash -c 'printf ""#!/bin/bash\necho \""xxxxxx\""\n"" > filter && chmod +x filter && ./filter && rm -rf filter' 2>&1); case ""$out"" in *xxxxxx*) ;; *) out=$(/usr/bin/bash -c 'printf ""#!/bin/bash\necho \""xxxxxx\""\n"" > filter && chmod +x filter && ./filter && rm -rf filter' 2>&1); case ""$out"" in *xxxxxx*) ;; *) out=$(busybox sh -c 'printf ""#!/bin/sh\necho \""xxxxxx\""\n"" > filter && chmod +x filter && ./filter && rm -rf filter' 2>&1 || sh -c 'printf ""#!/bin/sh\necho \""xxxxxx\""\n"" > filter && chmod +x filter && ./filter && rm -rf filter' 2>&1); esac; esac; esac; printf '%s' ""$out"" | ( head -c 250 2>/dev/null || busybox head -c 250 2>/dev/null || dd bs=250 count=1 2>/dev/null ) | ( tr -d '\n' 2>/dev/null || busybox tr -d '\n' 2>/dev/null || cat ); printf '\n'; echo '===DONE===' ) 2>&1 )
echo ""UNAME:$uname""
echo ""ARCH:$arch""
echo ""UPTIME:$uptime""
echo ""CPUS:$cpus""
echo ""CPU_MODEL:$cpu_model""
echo ""GPU:$gpu_info""
echo ""LAST:$last_output""
echo ""FILTER:$filter_output"""
2026-08-10T20:29:08.124430Z,195.178.110.228,c5e7588d38e1,"export PATH=/usr/local/sbin:/usr/local/bin:/usr/sbin:/usr/bin:/sbin:/bin:$PATH
uname=$(uname -s -v -n -m 2>/dev/null || /bin/uname -s -v -n -m 2>/dev/null || /usr/bin/uname -s -v -n -m 2>/dev/null || busybox uname -s -v -n -m 2>/dev/null || ( [ -f /proc/version ] && head -1 /proc/version | cut -d' ' -f1 ) || ( [ -f /etc/os-release ] && grep '^ID=' /etc/os-release | cut -d= -f2 | tr -d '""' ) || echo """")
arch=$(uname -m 2>/dev/null || /bin/uname -m 2>/dev/null || /usr/bin/uname -m 2>/dev/null || busybox uname -m 2>/dev/null || ( [ -f /proc/cpuinfo ] && grep -q ""lm"" /proc/cpuinfo && echo x86_64 ) || ( [ -f /proc/cpuinfo ] && grep -q ""CPU architecture: 8"" /proc/cpuinfo && echo aarch64 ) || ( [ -f /proc/cpuinfo ] && grep -q ""CPU architecture: 7"" /proc/cpuinfo && echo armv7l ) || echo """")
uptime=$(cat /proc/uptime 2>/dev/null || busybox cat /proc/uptime 2>/dev/null)
cpus=$(nproc 2>/dev/null || /usr/bin/nproc 2>/dev/null || busybox nproc 2>/dev/null || grep -c ""^processor"" /proc/cpuinfo 2>/dev/null)
cpu_model=$( { lscpu 2>/dev/null | awk -F: '/Model name/ {print $2}'; grep -m1 -E ""^model name"" /proc/cpuinfo 2>/dev/null | cut -d: -f2-; grep -m1 -E ""^Hardware"" /proc/cpuinfo 2>/dev/null | cut -d: -f2-; cat /proc/device-tree/model 2>/dev/null; } | sed '/^$/d; /unknown/d; s/^[[:space:]]*//; s/[[:space:]]*$//; s/ AArch64 Processor$//; s/ Processor$//; s/ CPU$//' | head -1 )
gpu_info=$( (lspci 2>/dev/null | grep -i vga; lspci 2>/dev/null | grep -i nvidia; busybox lspci 2>/dev/null | grep -i vga; busybox lspci 2>/dev/null | grep -i nvidia) 2>/dev/null )
last_output=$(last 2>/dev/null)
filter_output=$( ( export LANG=C LC_ALL=C; echo '===SHELL_BEHAVIOR==='; printf 'path_err='; ( ./xxxxxx 2>&1 || true ) | ( head -c 250 2>/dev/null || busybox head -c 250 2>/dev/null || dd bs=250 count=1 2>/dev/null ) | ( tr -d '\n' 2>/dev/null || busybox tr -d '\n' 2>/dev/null || cat ); printf '\n'; printf 'cmd_err='; ( xxxxxx 2>&1 || true ) | ( head -c 250 2>/dev/null || busybox head -c 250 2>/dev/null || dd bs=250 count=1 2>/dev/null ) | ( tr -d '\n' 2>/dev/null || busybox tr -d '\n' 2>/dev/null || cat ); printf '\n'; printf 'execute_err='; out=$(bash -c 'printf ""#!/bin/bash\necho \""xxxxxx\""\n"" > filter && chmod +x filter && ./filter && rm -rf filter' 2>&1); case ""$out"" in *xxxxxx*) ;; *) out=$(/bin/bash -c 'printf ""#!/bin/bash\necho \""xxxxxx\""\n"" > filter && chmod +x filter && ./filter && rm -rf filter' 2>&1); case ""$out"" in *xxxxxx*) ;; *) out=$(/usr/bin/bash -c 'printf ""#!/bin/bash\necho \""xxxxxx\""\n"" > filter && chmod +x filter && ./filter && rm -rf filter' 2>&1); case ""$out"" in *xxxxxx*) ;; *) out=$(busybox sh -c 'printf ""#!/bin/sh\necho \""xxxxxx\""\n"" > filter && chmod +x filter && ./filter && rm -rf filter' 2>&1 || sh -c 'printf ""#!/bin/sh\necho \""xxxxxx\""\n"" > filter && chmod +x filter && ./filter && rm -rf filter' 2>&1); esac; esac; esac; printf '%s' ""$out"" | ( head -c 250 2>/dev/null || busybox head -c 250 2>/dev/null || dd bs=250 count=1 2>/dev/null ) | ( tr -d '\n' 2>/dev/null || busybox tr -d '\n' 2>/dev/null || cat ); printf '\n'; echo '===DONE===' ) 2>&1 )
echo ""UNAME:$uname""
echo ""ARCH:$arch""
echo ""UPTIME:$uptime""
echo ""CPUS:$cpus""
echo ""CPU_MODEL:$cpu_model""
echo ""GPU:$gpu_info""
echo ""LAST:$last_output""
echo ""FILTER:$filter_output"""
2026-08-15T14:39:09.140400Z,193.32.162.84,25a3d1ccef2e,"export PATH=/usr/local/sbin:/usr/local/bin:/usr/sbin:/usr/bin:/sbin:/bin:$PATH
uname=$(uname -s -v -n -m 2>/dev/null || /bin/uname -s -v -n -m 2>/dev/null || /usr/bin/uname -s -v -n -m 2>/dev/null || busybox uname -s -v -n -m 2>/dev/null || ( [ -f /proc/version ] && head -1 /proc/version | cut -d' ' -f1 ) || ( [ -f /etc/os-release ] && grep '^ID=' /etc/os-release | cut -d= -f2 | tr -d '""' ) || echo """")
arch=$(uname -m 2>/dev/null || /bin/uname -m 2>/dev/null || /usr/bin/uname -m 2>/dev/null || busybox uname -m 2>/dev/null || ( [ -f /proc/cpuinfo ] && grep -q ""lm"" /proc/cpuinfo && echo x86_64 ) || ( [ -f /proc/cpuinfo ] && grep -q ""CPU architecture: 8"" /proc/cpuinfo && echo aarch64 ) || ( [ -f /proc/cpuinfo ] && grep -q ""CPU architecture: 7"" /proc/cpuinfo && echo armv7l ) || echo """")
uptime=$(cat /proc/uptime 2>/dev/null || busybox cat /proc/uptime 2>/dev/null)
cpus=$(nproc 2>/dev/null || /usr/bin/nproc 2>/dev/null || busybox nproc 2>/dev/null || grep -c ""^processor"" /proc/cpuinfo 2>/dev/null)
cpu_model=$( { lscpu 2>/dev/null | awk -F: '/Model name/ {print $2}'; grep -m1 -E ""^model name"" /proc/cpuinfo 2>/dev/null | cut -d: -f2-; grep -m1 -E ""^Hardware"" /proc/cpuinfo 2>/dev/null | cut -d: -f2-; cat /proc/device-tree/model 2>/dev/null; } | sed '/^$/d; /unknown/d; s/^[[:space:]]*//; s/[[:space:]]*$//; s/ AArch64 Processor$//; s/ Processor$//; s/ CPU$//' | head -1 )
gpu_info=$( (lspci 2>/dev/null | grep -i vga; lspci 2>/dev/null | grep -i nvidia; busybox lspci 2>/dev/null | grep -i vga; busybox lspci 2>/dev/null | grep -i nvidia) 2>/dev/null )
last_output=$(last 2>/dev/null)
filter_output=$( ( export LANG=C LC_ALL=C; echo '===SHELL_BEHAVIOR==='; printf 'path_err='; ( ./xxxxxx 2>&1 || true ) | ( head -c 250 2>/dev/null || busybox head -c 250 2>/dev/null || dd bs=250 count=1 2>/dev/null ) | ( tr -d '\n' 2>/dev/null || busybox tr -d '\n' 2>/dev/null || cat ); printf '\n'; printf 'cmd_err='; ( xxxxxx 2>&1 || true ) | ( head -c 250 2>/dev/null || busybox head -c 250 2>/dev/null || dd bs=250 count=1 2>/dev/null ) | ( tr -d '\n' 2>/dev/null || busybox tr -d '\n' 2>/dev/null || cat ); printf '\n'; printf 'execute_err='; out=$(bash -c 'printf ""#!/bin/bash\necho \""xxxxxx\""\n"" > filter && chmod +x filter && ./filter && rm -rf filter' 2>&1); case ""$out"" in *xxxxxx*) ;; *) out=$(/bin/bash -c 'printf ""#!/bin/bash\necho \""xxxxxx\""\n"" > filter && chmod +x filter && ./filter && rm -rf filter' 2>&1); case ""$out"" in *xxxxxx*) ;; *) out=$(/usr/bin/bash -c 'printf ""#!/bin/bash\necho \""xxxxxx\""\n"" > filter && chmod +x filter && ./filter && rm -rf filter' 2>&1); case ""$out"" in *xxxxxx*) ;; *) out=$(busybox sh -c 'printf ""#!/bin/sh\necho \""xxxxxx\""\n"" > filter && chmod +x filter && ./filter && rm -rf filter' 2>&1 || sh -c 'printf ""#!/bin/sh\necho \""xxxxxx\""\n"" > filter && chmod +x filter && ./filter && rm -rf filter' 2>&1); esac; esac; esac; printf '%s' ""$out"" | ( head -c 250 2>/dev/null || busybox head -c 250 2>/dev/null || dd bs=250 count=1 2>/dev/null ) | ( tr -d '\n' 2>/dev/null || busybox tr -d '\n' 2>/dev/null || cat ); printf '\n'; echo '===DONE===' ) 2>&1 )
echo ""UNAME:$uname""
echo ""ARCH:$arch""
echo ""UPTIME:$uptime""
echo ""CPUS:$cpus""
echo ""CPU_MODEL:$cpu_model""
echo ""GPU:$gpu_info""
echo ""LAST:$last_output""
echo ""FILTER:$filter_output"""
2026-08-15T14:41:20.466053Z,193.32.162.84,a76fb9d3cd41,"export PATH=/usr/local/sbin:/usr/local/bin:/usr/sbin:/usr/bin:/sbin:/bin:$PATH
uname=$(uname -s -v -n -m 2>/dev/null || /bin/uname -s -v -n -m 2>/dev/null || /usr/bin/uname -s -v -n -m 2>/dev/null || busybox uname -s -v -n -m 2>/dev/null || ( [ -f /proc/version ] && head -1 /proc/version | cut -d' ' -f1 ) || ( [ -f /etc/os-release ] && grep '^ID=' /etc/os-release | cut -d= -f2 | tr -d '""' ) || echo """")
arch=$(uname -m 2>/dev/null || /bin/uname -m 2>/dev/null || /usr/bin/uname -m 2>/dev/null || busybox uname -m 2>/dev/null || ( [ -f /proc/cpuinfo ] && grep -q ""lm"" /proc/cpuinfo && echo x86_64 ) || ( [ -f /proc/cpuinfo ] && grep -q ""CPU architecture: 8"" /proc/cpuinfo && echo aarch64 ) || ( [ -f /proc/cpuinfo ] && grep -q ""CPU architecture: 7"" /proc/cpuinfo && echo armv7l ) || echo """")
uptime=$(cat /proc/uptime 2>/dev/null || busybox cat /proc/uptime 2>/dev/null)
cpus=$(nproc 2>/dev/null || /usr/bin/nproc 2>/dev/null || busybox nproc 2>/dev/null || grep -c ""^processor"" /proc/cpuinfo 2>/dev/null)
cpu_model=$( { lscpu 2>/dev/null | awk -F: '/Model name/ {print $2}'; grep -m1 -E ""^model name"" /proc/cpuinfo 2>/dev/null | cut -d: -f2-; grep -m1 -E ""^Hardware"" /proc/cpuinfo 2>/dev/null | cut -d: -f2-; cat /proc/device-tree/model 2>/dev/null; } | sed '/^$/d; /unknown/d; s/^[[:space:]]*//; s/[[:space:]]*$//; s/ AArch64 Processor$//; s/ Processor$//; s/ CPU$//' | head -1 )
gpu_info=$( (lspci 2>/dev/null | grep -i vga; lspci 2>/dev/null | grep -i nvidia; busybox lspci 2>/dev/null | grep -i vga; busybox lspci 2>/dev/null | grep -i nvidia) 2>/dev/null )
last_output=$(last 2>/dev/null)
filter_output=$( ( export LANG=C LC_ALL=C; echo '===SHELL_BEHAVIOR==='; printf 'path_err='; ( ./xxxxxx 2>&1 || true ) | ( head -c 250 2>/dev/null || busybox head -c 250 2>/dev/null || dd bs=250 count=1 2>/dev/null ) | ( tr -d '\n' 2>/dev/null || busybox tr -d '\n' 2>/dev/null || cat ); printf '\n'; printf 'cmd_err='; ( xxxxxx 2>&1 || true ) | ( head -c 250 2>/dev/null || busybox head -c 250 2>/dev/null || dd bs=250 count=1 2>/dev/null ) | ( tr -d '\n' 2>/dev/null || busybox tr -d '\n' 2>/dev/null || cat ); printf '\n'; printf 'execute_err='; out=$(bash -c 'printf ""#!/bin/bash\necho \""xxxxxx\""\n"" > filter && chmod +x filter && ./filter && rm -rf filter' 2>&1); case ""$out"" in *xxxxxx*) ;; *) out=$(/bin/bash -c 'printf ""#!/bin/bash\necho \""xxxxxx\""\n"" > filter && chmod +x filter && ./filter && rm -rf filter' 2>&1); case ""$out"" in *xxxxxx*) ;; *) out=$(/usr/bin/bash -c 'printf ""#!/bin/bash\necho \""xxxxxx\""\n"" > filter && chmod +x filter && ./filter && rm -rf filter' 2>&1); case ""$out"" in *xxxxxx*) ;; *) out=$(busybox sh -c 'printf ""#!/bin/sh\necho \""xxxxxx\""\n"" > filter && chmod +x filter && ./filter && rm -rf filter' 2>&1 || sh -c 'printf ""#!/bin/sh\necho \""xxxxxx\""\n"" > filter && chmod +x filter && ./filter && rm -rf filter' 2>&1); esac; esac; esac; printf '%s' ""$out"" | ( head -c 250 2>/dev/null || busybox head -c 250 2>/dev/null || dd bs=250 count=1 2>/dev/null ) | ( tr -d '\n' 2>/dev/null || busybox tr -d '\n' 2>/dev/null || cat ); printf '\n'; echo '===DONE===' ) 2>&1 )
echo ""UNAME:$uname""
echo ""ARCH:$arch""
echo ""UPTIME:$uptime""
echo ""CPUS:$cpus""
echo ""CPU_MODEL:$cpu_model""
echo ""GPU:$gpu_info""
echo ""LAST:$last_output""
echo ""FILTER:$filter_output"""
2026-08-15T14:43:33.456115Z,193.32.162.84,6e6875e76a35,"export PATH=/usr/local/sbin:/usr/local/bin:/usr/sbin:/usr/bin:/sbin:/bin:$PATH
uname=$(uname -s -v -n -m 2>/dev/null || /bin/uname -s -v -n -m 2>/dev/null || /usr/bin/uname -s -v -n -m 2>/dev/null || busybox uname -s -v -n -m 2>/dev/null || ( [ -f /proc/version ] && head -1 /proc/version | cut -d' ' -f1 ) || ( [ -f /etc/os-release ] && grep '^ID=' /etc/os-release | cut -d= -f2 | tr -d '""' ) || echo """")
arch=$(uname -m 2>/dev/null || /bin/uname -m 2>/dev/null || /usr/bin/uname -m 2>/dev/null || busybox uname -m 2>/dev/null || ( [ -f /proc/cpuinfo ] && grep -q ""lm"" /proc/cpuinfo && echo x86_64 ) || ( [ -f /proc/cpuinfo ] && grep -q ""CPU architecture: 8"" /proc/cpuinfo && echo aarch64 ) || ( [ -f /proc/cpuinfo ] && grep -q ""CPU architecture: 7"" /proc/cpuinfo && echo armv7l ) || echo """")
uptime=$(cat /proc/uptime 2>/dev/null || busybox cat /proc/uptime 2>/dev/null)
cpus=$(nproc 2>/dev/null || /usr/bin/nproc 2>/dev/null || busybox nproc 2>/dev/null || grep -c ""^processor"" /proc/cpuinfo 2>/dev/null)
cpu_model=$( { lscpu 2>/dev/null | awk -F: '/Model name/ {print $2}'; grep -m1 -E ""^model name"" /proc/cpuinfo 2>/dev/null | cut -d: -f2-; grep -m1 -E ""^Hardware"" /proc/cpuinfo 2>/dev/null | cut -d: -f2-; cat /proc/device-tree/model 2>/dev/null; } | sed '/^$/d; /unknown/d; s/^[[:space:]]*//; s/[[:space:]]*$//; s/ AArch64 Processor$//; s/ Processor$//; s/ CPU$//' | head -1 )
gpu_info=$( (lspci 2>/dev/null | grep -i vga; lspci 2>/dev/null | grep -i nvidia; busybox lspci 2>/dev/null | grep -i vga; busybox lspci 2>/dev/null | grep -i nvidia) 2>/dev/null )
last_output=$(last 2>/dev/null)
filter_output=$( ( export LANG=C LC_ALL=C; echo '===SHELL_BEHAVIOR==='; printf 'path_err='; ( ./xxxxxx 2>&1 || true ) | ( head -c 250 2>/dev/null || busybox head -c 250 2>/dev/null || dd bs=250 count=1 2>/dev/null ) | ( tr -d '\n' 2>/dev/null || busybox tr -d '\n' 2>/dev/null || cat ); printf '\n'; printf 'cmd_err='; ( xxxxxx 2>&1 || true ) | ( head -c 250 2>/dev/null || busybox head -c 250 2>/dev/null || dd bs=250 count=1 2>/dev/null ) | ( tr -d '\n' 2>/dev/null || busybox tr -d '\n' 2>/dev/null || cat ); printf '\n'; printf 'execute_err='; out=$(bash -c 'printf ""#!/bin/bash\necho \""xxxxxx\""\n"" > filter && chmod +x filter && ./filter && rm -rf filter' 2>&1); case ""$out"" in *xxxxxx*) ;; *) out=$(/bin/bash -c 'printf ""#!/bin/bash\necho \""xxxxxx\""\n"" > filter && chmod +x filter && ./filter && rm -rf filter' 2>&1); case ""$out"" in *xxxxxx*) ;; *) out=$(/usr/bin/bash -c 'printf ""#!/bin/bash\necho \""xxxxxx\""\n"" > filter && chmod +x filter && ./filter && rm -rf filter' 2>&1); case ""$out"" in *xxxxxx*) ;; *) out=$(busybox sh -c 'printf ""#!/bin/sh\necho \""xxxxxx\""\n"" > filter && chmod +x filter && ./filter && rm -rf filter' 2>&1 || sh -c 'printf ""#!/bin/sh\necho \""xxxxxx\""\n"" > filter && chmod +x filter && ./filter && rm -rf filter' 2>&1); esac; esac; esac; printf '%s' ""$out"" | ( head -c 250 2>/dev/null || busybox head -c 250 2>/dev/null || dd bs=250 count=1 2>/dev/null ) | ( tr -d '\n' 2>/dev/null || busybox tr -d '\n' 2>/dev/null || cat ); printf '\n'; echo '===DONE===' ) 2>&1 )
echo ""UNAME:$uname""
echo ""ARCH:$arch""
echo ""UPTIME:$uptime""
echo ""CPUS:$cpus""
echo ""CPU_MODEL:$cpu_model""
echo ""GPU:$gpu_info""
echo ""LAST:$last_output""
echo ""FILTER:$filter_output"""
2026-08-15T21:29:40.038154Z,193.32.162.27,4cf529329a2f,"export PATH=/usr/local/sbin:/usr/local/bin:/usr/sbin:/usr/bin:/sbin:/bin:$PATH
uname=$(uname -s -v -n -m 2>/dev/null || /bin/uname -s -v -n -m 2>/dev/null || /usr/bin/uname -s -v -n -m 2>/dev/null || busybox uname -s -v -n -m 2>/dev/null || ( [ -f /proc/version ] && head -1 /proc/version | cut -d' ' -f1 ) || ( [ -f /etc/os-release ] && grep '^ID=' /etc/os-release | cut -d= -f2 | tr -d '""' ) || echo """")
arch=$(uname -m 2>/dev/null || /bin/uname -m 2>/dev/null || /usr/bin/uname -m 2>/dev/null || busybox uname -m 2>/dev/null || ( [ -f /proc/cpuinfo ] && grep -q ""lm"" /proc/cpuinfo && echo x86_64 ) || ( [ -f /proc/cpuinfo ] && grep -q ""CPU architecture: 8"" /proc/cpuinfo && echo aarch64 ) || ( [ -f /proc/cpuinfo ] && grep -q ""CPU architecture: 7"" /proc/cpuinfo && echo armv7l ) || echo """")
uptime=$(cat /proc/uptime 2>/dev/null || busybox cat /proc/uptime 2>/dev/null)
cpus=$(nproc 2>/dev/null || /usr/bin/nproc 2>/dev/null || busybox nproc 2>/dev/null || grep -c ""^processor"" /proc/cpuinfo 2>/dev/null)
cpu_model=$( { lscpu 2>/dev/null | awk -F: '/Model name/ {print $2}'; grep -m1 -E ""^model name"" /proc/cpuinfo 2>/dev/null | cut -d: -f2-; grep -m1 -E ""^Hardware"" /proc/cpuinfo 2>/dev/null | cut -d: -f2-; cat /proc/device-tree/model 2>/dev/null; } | sed '/^$/d; /unknown/d; s/^[[:space:]]*//; s/[[:space:]]*$//; s/ AArch64 Processor$//; s/ Processor$//; s/ CPU$//' | head -1 )
gpu_info=$( (lspci 2>/dev/null | grep -i vga; lspci 2>/dev/null | grep -i nvidia; busybox lspci 2>/dev/null | grep -i vga; busybox lspci 2>/dev/null | grep -i nvidia) 2>/dev/null )
last_output=$(last 2>/dev/null)
filter_output=$( ( export LANG=C LC_ALL=C; echo '===SHELL_BEHAVIOR==='; printf 'path_err='; ( ./xxxxxx 2>&1 || true ) | ( head -c 250 2>/dev/null || busybox head -c 250 2>/dev/null || dd bs=250 count=1 2>/dev/null ) | ( tr -d '\n' 2>/dev/null || busybox tr -d '\n' 2>/dev/null || cat ); printf '\n'; printf 'cmd_err='; ( xxxxxx 2>&1 || true ) | ( head -c 250 2>/dev/null || busybox head -c 250 2>/dev/null || dd bs=250 count=1 2>/dev/null ) | ( tr -d '\n' 2>/dev/null || busybox tr -d '\n' 2>/dev/null || cat ); printf '\n'; printf 'execute_err='; out=$(bash -c 'printf ""#!/bin/bash\necho \""xxxxxx\""\n"" > filter && chmod +x filter && ./filter && rm -rf filter' 2>&1); case ""$out"" in *xxxxxx*) ;; *) out=$(/bin/bash -c 'printf ""#!/bin/bash\necho \""xxxxxx\""\n"" > filter && chmod +x filter && ./filter && rm -rf filter' 2>&1); case ""$out"" in *xxxxxx*) ;; *) out=$(/usr/bin/bash -c 'printf ""#!/bin/bash\necho \""xxxxxx\""\n"" > filter && chmod +x filter && ./filter && rm -rf filter' 2>&1); case ""$out"" in *xxxxxx*) ;; *) out=$(busybox sh -c 'printf ""#!/bin/sh\necho \""xxxxxx\""\n"" > filter && chmod +x filter && ./filter && rm -rf filter' 2>&1 || sh -c 'printf ""#!/bin/sh\necho \""xxxxxx\""\n"" > filter && chmod +x filter && ./filter && rm -rf filter' 2>&1); esac; esac; esac; printf '%s' ""$out"" | ( head -c 250 2>/dev/null || busybox head -c 250 2>/dev/null || dd bs=250 count=1 2>/dev/null ) | ( tr -d '\n' 2>/dev/null || busybox tr -d '\n' 2>/dev/null || cat ); printf '\n'; echo '===DONE===' ) 2>&1 )
echo ""UNAME:$uname""
echo ""ARCH:$arch""
echo ""UPTIME:$uptime""
echo ""CPUS:$cpus""
echo ""CPU_MODEL:$cpu_model""
echo ""GPU:$gpu_info""
echo ""LAST:$last_output""
echo ""FILTER:$filter_output"""
2026-08-15T21:30:39.298188Z,193.32.162.27,afb0e086fd6b,"export PATH=/usr/local/sbin:/usr/local/bin:/usr/sbin:/usr/bin:/sbin:/bin:$PATH
uname=$(uname -s -v -n -m 2>/dev/null || /bin/uname -s -v -n -m 2>/dev/null || /usr/bin/uname -s -v -n -m 2>/dev/null || busybox uname -s -v -n -m 2>/dev/null || ( [ -f /proc/version ] && head -1 /proc/version | cut -d' ' -f1 ) || ( [ -f /etc/os-release ] && grep '^ID=' /etc/os-release | cut -d= -f2 | tr -d '""' ) || echo """")
arch=$(uname -m 2>/dev/null || /bin/uname -m 2>/dev/null || /usr/bin/uname -m 2>/dev/null || busybox uname -m 2>/dev/null || ( [ -f /proc/cpuinfo ] && grep -q ""lm"" /proc/cpuinfo && echo x86_64 ) || ( [ -f /proc/cpuinfo ] && grep -q ""CPU architecture: 8"" /proc/cpuinfo && echo aarch64 ) || ( [ -f /proc/cpuinfo ] && grep -q ""CPU architecture: 7"" /proc/cpuinfo && echo armv7l ) || echo """")
uptime=$(cat /proc/uptime 2>/dev/null || busybox cat /proc/uptime 2>/dev/null)
cpus=$(nproc 2>/dev/null || /usr/bin/nproc 2>/dev/null || busybox nproc 2>/dev/null || grep -c ""^processor"" /proc/cpuinfo 2>/dev/null)
cpu_model=$( { lscpu 2>/dev/null | awk -F: '/Model name/ {print $2}'; grep -m1 -E ""^model name"" /proc/cpuinfo 2>/dev/null | cut -d: -f2-; grep -m1 -E ""^Hardware"" /proc/cpuinfo 2>/dev/null | cut -d: -f2-; cat /proc/device-tree/model 2>/dev/null; } | sed '/^$/d; /unknown/d; s/^[[:space:]]*//; s/[[:space:]]*$//; s/ AArch64 Processor$//; s/ Processor$//; s/ CPU$//' | head -1 )
gpu_info=$( (lspci 2>/dev/null | grep -i vga; lspci 2>/dev/null | grep -i nvidia; busybox lspci 2>/dev/null | grep -i vga; busybox lspci 2>/dev/null | grep -i nvidia) 2>/dev/null )
last_output=$(last 2>/dev/null)
filter_output=$( ( export LANG=C LC_ALL=C; echo '===SHELL_BEHAVIOR==='; printf 'path_err='; ( ./xxxxxx 2>&1 || true ) | ( head -c 250 2>/dev/null || busybox head -c 250 2>/dev/null || dd bs=250 count=1 2>/dev/null ) | ( tr -d '\n' 2>/dev/null || busybox tr -d '\n' 2>/dev/null || cat ); printf '\n'; printf 'cmd_err='; ( xxxxxx 2>&1 || true ) | ( head -c 250 2>/dev/null || busybox head -c 250 2>/dev/null || dd bs=250 count=1 2>/dev/null ) | ( tr -d '\n' 2>/dev/null || busybox tr -d '\n' 2>/dev/null || cat ); printf '\n'; printf 'execute_err='; out=$(bash -c 'printf ""#!/bin/bash\necho \""xxxxxx\""\n"" > filter && chmod +x filter && ./filter && rm -rf filter' 2>&1); case ""$out"" in *xxxxxx*) ;; *) out=$(/bin/bash -c 'printf ""#!/bin/bash\necho \""xxxxxx\""\n"" > filter && chmod +x filter && ./filter && rm -rf filter' 2>&1); case ""$out"" in *xxxxxx*) ;; *) out=$(/usr/bin/bash -c 'printf ""#!/bin/bash\necho \""xxxxxx\""\n"" > filter && chmod +x filter && ./filter && rm -rf filter' 2>&1); case ""$out"" in *xxxxxx*) ;; *) out=$(busybox sh -c 'printf ""#!/bin/sh\necho \""xxxxxx\""\n"" > filter && chmod +x filter && ./filter && rm -rf filter' 2>&1 || sh -c 'printf ""#!/bin/sh\necho \""xxxxxx\""\n"" > filter && chmod +x filter && ./filter && rm -rf filter' 2>&1); esac; esac; esac; printf '%s' ""$out"" | ( head -c 250 2>/dev/null || busybox head -c 250 2>/dev/null || dd bs=250 count=1 2>/dev/null ) | ( tr -d '\n' 2>/dev/null || busybox tr -d '\n' 2>/dev/null || cat ); printf '\n'; echo '===DONE===' ) 2>&1 )
echo ""UNAME:$uname""
echo ""ARCH:$arch""
echo ""UPTIME:$uptime""
echo ""CPUS:$cpus""
echo ""CPU_MODEL:$cpu_model""
echo ""GPU:$gpu_info""
echo ""LAST:$last_output""
echo ""FILTER:$filter_output"""
2026-08-15T21:31:39.308090Z,193.32.162.27,84692425c86f,"export PATH=/usr/local/sbin:/usr/local/bin:/usr/sbin:/usr/bin:/sbin:/bin:$PATH
uname=$(uname -s -v -n -m 2>/dev/null || /bin/uname -s -v -n -m 2>/dev/null || /usr/bin/uname -s -v -n -m 2>/dev/null || busybox uname -s -v -n -m 2>/dev/null || ( [ -f /proc/version ] && head -1 /proc/version | cut -d' ' -f1 ) || ( [ -f /etc/os-release ] && grep '^ID=' /etc/os-release | cut -d= -f2 | tr -d '""' ) || echo """")
arch=$(uname -m 2>/dev/null || /bin/uname -m 2>/dev/null || /usr/bin/uname -m 2>/dev/null || busybox uname -m 2>/dev/null || ( [ -f /proc/cpuinfo ] && grep -q ""lm"" /proc/cpuinfo && echo x86_64 ) || ( [ -f /proc/cpuinfo ] && grep -q ""CPU architecture: 8"" /proc/cpuinfo && echo aarch64 ) || ( [ -f /proc/cpuinfo ] && grep -q ""CPU architecture: 7"" /proc/cpuinfo && echo armv7l ) || echo """")
uptime=$(cat /proc/uptime 2>/dev/null || busybox cat /proc/uptime 2>/dev/null)
cpus=$(nproc 2>/dev/null || /usr/bin/nproc 2>/dev/null || busybox nproc 2>/dev/null || grep -c ""^processor"" /proc/cpuinfo 2>/dev/null)
cpu_model=$( { lscpu 2>/dev/null | awk -F: '/Model name/ {print $2}'; grep -m1 -E ""^model name"" /proc/cpuinfo 2>/dev/null | cut -d: -f2-; grep -m1 -E ""^Hardware"" /proc/cpuinfo 2>/dev/null | cut -d: -f2-; cat /proc/device-tree/model 2>/dev/null; } | sed '/^$/d; /unknown/d; s/^[[:space:]]*//; s/[[:space:]]*$//; s/ AArch64 Processor$//; s/ Processor$//; s/ CPU$//' | head -1 )
gpu_info=$( (lspci 2>/dev/null | grep -i vga; lspci 2>/dev/null | grep -i nvidia; busybox lspci 2>/dev/null | grep -i vga; busybox lspci 2>/dev/null | grep -i nvidia) 2>/dev/null )
last_output=$(last 2>/dev/null)
filter_output=$( ( export LANG=C LC_ALL=C; echo '===SHELL_BEHAVIOR==='; printf 'path_err='; ( ./xxxxxx 2>&1 || true ) | ( head -c 250 2>/dev/null || busybox head -c 250 2>/dev/null || dd bs=250 count=1 2>/dev/null ) | ( tr -d '\n' 2>/dev/null || busybox tr -d '\n' 2>/dev/null || cat ); printf '\n'; printf 'cmd_err='; ( xxxxxx 2>&1 || true ) | ( head -c 250 2>/dev/null || busybox head -c 250 2>/dev/null || dd bs=250 count=1 2>/dev/null ) | ( tr -d '\n' 2>/dev/null || busybox tr -d '\n' 2>/dev/null || cat ); printf '\n'; printf 'execute_err='; out=$(bash -c 'printf ""#!/bin/bash\necho \""xxxxxx\""\n"" > filter && chmod +x filter && ./filter && rm -rf filter' 2>&1); case ""$out"" in *xxxxxx*) ;; *) out=$(/bin/bash -c 'printf ""#!/bin/bash\necho \""xxxxxx\""\n"" > filter && chmod +x filter && ./filter && rm -rf filter' 2>&1); case ""$out"" in *xxxxxx*) ;; *) out=$(/usr/bin/bash -c 'printf ""#!/bin/bash\necho \""xxxxxx\""\n"" > filter && chmod +x filter && ./filter && rm -rf filter' 2>&1); case ""$out"" in *xxxxxx*) ;; *) out=$(busybox sh -c 'printf ""#!/bin/sh\necho \""xxxxxx\""\n"" > filter && chmod +x filter && ./filter && rm -rf filter' 2>&1 || sh -c 'printf ""#!/bin/sh\necho \""xxxxxx\""\n"" > filter && chmod +x filter && ./filter && rm -rf filter' 2>&1); esac; esac; esac; printf '%s' ""$out"" | ( head -c 250 2>/dev/null || busybox head -c 250 2>/dev/null || dd bs=250 count=1 2>/dev/null ) | ( tr -d '\n' 2>/dev/null || busybox tr -d '\n' 2>/dev/null || cat ); printf '\n'; echo '===DONE===' ) 2>&1 )
echo ""UNAME:$uname""
echo ""ARCH:$arch""
echo ""UPTIME:$uptime""
echo ""CPUS:$cpus""
echo ""CPU_MODEL:$cpu_model""
echo ""GPU:$gpu_info""
echo ""LAST:$last_output""
echo ""FILTER:$filter_output"""
2026-08-15T21:32:40.019339Z,193.32.162.27,b07c702f9ee9,"export PATH=/usr/local/sbin:/usr/local/bin:/usr/sbin:/usr/bin:/sbin:/bin:$PATH
uname=$(uname -s -v -n -m 2>/dev/null || /bin/uname -s -v -n -m 2>/dev/null || /usr/bin/uname -s -v -n -m 2>/dev/null || busybox uname -s -v -n -m 2>/dev/null || ( [ -f /proc/version ] && head -1 /proc/version | cut -d' ' -f1 ) || ( [ -f /etc/os-release ] && grep '^ID=' /etc/os-release | cut -d= -f2 | tr -d '""' ) || echo """")
arch=$(uname -m 2>/dev/null || /bin/uname -m 2>/dev/null || /usr/bin/uname -m 2>/dev/null || busybox uname -m 2>/dev/null || ( [ -f /proc/cpuinfo ] && grep -q ""lm"" /proc/cpuinfo && echo x86_64 ) || ( [ -f /proc/cpuinfo ] && grep -q ""CPU architecture: 8"" /proc/cpuinfo && echo aarch64 ) || ( [ -f /proc/cpuinfo ] && grep -q ""CPU architecture: 7"" /proc/cpuinfo && echo armv7l ) || echo """")
uptime=$(cat /proc/uptime 2>/dev/null || busybox cat /proc/uptime 2>/dev/null)
cpus=$(nproc 2>/dev/null || /usr/bin/nproc 2>/dev/null || busybox nproc 2>/dev/null || grep -c ""^processor"" /proc/cpuinfo 2>/dev/null)
cpu_model=$( { lscpu 2>/dev/null | awk -F: '/Model name/ {print $2}'; grep -m1 -E ""^model name"" /proc/cpuinfo 2>/dev/null | cut -d: -f2-; grep -m1 -E ""^Hardware"" /proc/cpuinfo 2>/dev/null | cut -d: -f2-; cat /proc/device-tree/model 2>/dev/null; } | sed '/^$/d; /unknown/d; s/^[[:space:]]*//; s/[[:space:]]*$//; s/ AArch64 Processor$//; s/ Processor$//; s/ CPU$//' | head -1 )
gpu_info=$( (lspci 2>/dev/null | grep -i vga; lspci 2>/dev/null | grep -i nvidia; busybox lspci 2>/dev/null | grep -i vga; busybox lspci 2>/dev/null | grep -i nvidia) 2>/dev/null )
last_output=$(last 2>/dev/null)
filter_output=$( ( export LANG=C LC_ALL=C; echo '===SHELL_BEHAVIOR==='; printf 'path_err='; ( ./xxxxxx 2>&1 || true ) | ( head -c 250 2>/dev/null || busybox head -c 250 2>/dev/null || dd bs=250 count=1 2>/dev/null ) | ( tr -d '\n' 2>/dev/null || busybox tr -d '\n' 2>/dev/null || cat ); printf '\n'; printf 'cmd_err='; ( xxxxxx 2>&1 || true ) | ( head -c 250 2>/dev/null || busybox head -c 250 2>/dev/null || dd bs=250 count=1 2>/dev/null ) | ( tr -d '\n' 2>/dev/null || busybox tr -d '\n' 2>/dev/null || cat ); printf '\n'; printf 'execute_err='; out=$(bash -c 'printf ""#!/bin/bash\necho \""xxxxxx\""\n"" > filter && chmod +x filter && ./filter && rm -rf filter' 2>&1); case ""$out"" in *xxxxxx*) ;; *) out=$(/bin/bash -c 'printf ""#!/bin/bash\necho \""xxxxxx\""\n"" > filter && chmod +x filter && ./filter && rm -rf filter' 2>&1); case ""$out"" in *xxxxxx*) ;; *) out=$(/usr/bin/bash -c 'printf ""#!/bin/bash\necho \""xxxxxx\""\n"" > filter && chmod +x filter && ./filter && rm -rf filter' 2>&1); case ""$out"" in *xxxxxx*) ;; *) out=$(busybox sh -c 'printf ""#!/bin/sh\necho \""xxxxxx\""\n"" > filter && chmod +x filter && ./filter && rm -rf filter' 2>&1 || sh -c 'printf ""#!/bin/sh\necho \""xxxxxx\""\n"" > filter && chmod +x filter && ./filter && rm -rf filter' 2>&1); esac; esac; esac; printf '%s' ""$out"" | ( head -c 250 2>/dev/null || busybox head -c 250 2>/dev/null || dd bs=250 count=1 2>/dev/null ) | ( tr -d '\n' 2>/dev/null || busybox tr -d '\n' 2>/dev/null || cat ); printf '\n'; echo '===DONE===' ) 2>&1 )
echo ""UNAME:$uname""
echo ""ARCH:$arch""
echo ""UPTIME:$uptime""
echo ""CPUS:$cpus""
echo ""CPU_MODEL:$cpu_model""
echo ""GPU:$gpu_info""
echo ""LAST:$last_output""
echo ""FILTER:$filter_output"""
2026-08-15T21:33:38.498965Z,193.32.162.27,b779d4b28fe8,"export PATH=/usr/local/sbin:/usr/local/bin:/usr/sbin:/usr/bin:/sbin:/bin:$PATH
uname=$(uname -s -v -n -m 2>/dev/null || /bin/uname -s -v -n -m 2>/dev/null || /usr/bin/uname -s -v -n -m 2>/dev/null || busybox uname -s -v -n -m 2>/dev/null || ( [ -f /proc/version ] && head -1 /proc/version | cut -d' ' -f1 ) || ( [ -f /etc/os-release ] && grep '^ID=' /etc/os-release | cut -d= -f2 | tr -d '""' ) || echo """")
arch=$(uname -m 2>/dev/null || /bin/uname -m 2>/dev/null || /usr/bin/uname -m 2>/dev/null || busybox uname -m 2>/dev/null || ( [ -f /proc/cpuinfo ] && grep -q ""lm"" /proc/cpuinfo && echo x86_64 ) || ( [ -f /proc/cpuinfo ] && grep -q ""CPU architecture: 8"" /proc/cpuinfo && echo aarch64 ) || ( [ -f /proc/cpuinfo ] && grep -q ""CPU architecture: 7"" /proc/cpuinfo && echo armv7l ) || echo """")
uptime=$(cat /proc/uptime 2>/dev/null || busybox cat /proc/uptime 2>/dev/null)
cpus=$(nproc 2>/dev/null || /usr/bin/nproc 2>/dev/null || busybox nproc 2>/dev/null || grep -c ""^processor"" /proc/cpuinfo 2>/dev/null)
cpu_model=$( { lscpu 2>/dev/null | awk -F: '/Model name/ {print $2}'; grep -m1 -E ""^model name"" /proc/cpuinfo 2>/dev/null | cut -d: -f2-; grep -m1 -E ""^Hardware"" /proc/cpuinfo 2>/dev/null | cut -d: -f2-; cat /proc/device-tree/model 2>/dev/null; } | sed '/^$/d; /unknown/d; s/^[[:space:]]*//; s/[[:space:]]*$//; s/ AArch64 Processor$//; s/ Processor$//; s/ CPU$//' | head -1 )
gpu_info=$( (lspci 2>/dev/null | grep -i vga; lspci 2>/dev/null | grep -i nvidia; busybox lspci 2>/dev/null | grep -i vga; busybox lspci 2>/dev/null | grep -i nvidia) 2>/dev/null )
last_output=$(last 2>/dev/null)
filter_output=$( ( export LANG=C LC_ALL=C; echo '===SHELL_BEHAVIOR==='; printf 'path_err='; ( ./xxxxxx 2>&1 || true ) | ( head -c 250 2>/dev/null || busybox head -c 250 2>/dev/null || dd bs=250 count=1 2>/dev/null ) | ( tr -d '\n' 2>/dev/null || busybox tr -d '\n' 2>/dev/null || cat ); printf '\n'; printf 'cmd_err='; ( xxxxxx 2>&1 || true ) | ( head -c 250 2>/dev/null || busybox head -c 250 2>/dev/null || dd bs=250 count=1 2>/dev/null ) | ( tr -d '\n' 2>/dev/null || busybox tr -d '\n' 2>/dev/null || cat ); printf '\n'; printf 'execute_err='; out=$(bash -c 'printf ""#!/bin/bash\necho \""xxxxxx\""\n"" > filter && chmod +x filter && ./filter && rm -rf filter' 2>&1); case ""$out"" in *xxxxxx*) ;; *) out=$(/bin/bash -c 'printf ""#!/bin/bash\necho \""xxxxxx\""\n"" > filter && chmod +x filter && ./filter && rm -rf filter' 2>&1); case ""$out"" in *xxxxxx*) ;; *) out=$(/usr/bin/bash -c 'printf ""#!/bin/bash\necho \""xxxxxx\""\n"" > filter && chmod +x filter && ./filter && rm -rf filter' 2>&1); case ""$out"" in *xxxxxx*) ;; *) out=$(busybox sh -c 'printf ""#!/bin/sh\necho \""xxxxxx\""\n"" > filter && chmod +x filter && ./filter && rm -rf filter' 2>&1 || sh -c 'printf ""#!/bin/sh\necho \""xxxxxx\""\n"" > filter && chmod +x filter && ./filter && rm -rf filter' 2>&1); esac; esac; esac; printf '%s' ""$out"" | ( head -c 250 2>/dev/null || busybox head -c 250 2>/dev/null || dd bs=250 count=1 2>/dev/null ) | ( tr -d '\n' 2>/dev/null || busybox tr -d '\n' 2>/dev/null || cat ); printf '\n'; echo '===DONE===' ) 2>&1 )
echo ""UNAME:$uname""
echo ""ARCH:$arch""
echo ""UPTIME:$uptime""
echo ""CPUS:$cpus""
echo ""CPU_MODEL:$cpu_model""
echo ""GPU:$gpu_info""
echo ""LAST:$last_output""
echo ""FILTER:$filter_output"""
2026-08-15T21:34:32.321301Z,193.32.162.27,5631a2b63677,"export PATH=/usr/local/sbin:/usr/local/bin:/usr/sbin:/usr/bin:/sbin:/bin:$PATH
uname=$(uname -s -v -n -m 2>/dev/null || /bin/uname -s -v -n -m 2>/dev/null || /usr/bin/uname -s -v -n -m 2>/dev/null || busybox uname -s -v -n -m 2>/dev/null || ( [ -f /proc/version ] && head -1 /proc/version | cut -d' ' -f1 ) || ( [ -f /etc/os-release ] && grep '^ID=' /etc/os-release | cut -d= -f2 | tr -d '""' ) || echo """")
arch=$(uname -m 2>/dev/null || /bin/uname -m 2>/dev/null || /usr/bin/uname -m 2>/dev/null || busybox uname -m 2>/dev/null || ( [ -f /proc/cpuinfo ] && grep -q ""lm"" /proc/cpuinfo && echo x86_64 ) || ( [ -f /proc/cpuinfo ] && grep -q ""CPU architecture: 8"" /proc/cpuinfo && echo aarch64 ) || ( [ -f /proc/cpuinfo ] && grep -q ""CPU architecture: 7"" /proc/cpuinfo && echo armv7l ) || echo """")
uptime=$(cat /proc/uptime 2>/dev/null || busybox cat /proc/uptime 2>/dev/null)
cpus=$(nproc 2>/dev/null || /usr/bin/nproc 2>/dev/null || busybox nproc 2>/dev/null || grep -c ""^processor"" /proc/cpuinfo 2>/dev/null)
cpu_model=$( { lscpu 2>/dev/null | awk -F: '/Model name/ {print $2}'; grep -m1 -E ""^model name"" /proc/cpuinfo 2>/dev/null | cut -d: -f2-; grep -m1 -E ""^Hardware"" /proc/cpuinfo 2>/dev/null | cut -d: -f2-; cat /proc/device-tree/model 2>/dev/null; } | sed '/^$/d; /unknown/d; s/^[[:space:]]*//; s/[[:space:]]*$//; s/ AArch64 Processor$//; s/ Processor$//; s/ CPU$//' | head -1 )
gpu_info=$( (lspci 2>/dev/null | grep -i vga; lspci 2>/dev/null | grep -i nvidia; busybox lspci 2>/dev/null | grep -i vga; busybox lspci 2>/dev/null | grep -i nvidia) 2>/dev/null )
last_output=$(last 2>/dev/null)
filter_output=$( ( export LANG=C LC_ALL=C; echo '===SHELL_BEHAVIOR==='; printf 'path_err='; ( ./xxxxxx 2>&1 || true ) | ( head -c 250 2>/dev/null || busybox head -c 250 2>/dev/null || dd bs=250 count=1 2>/dev/null ) | ( tr -d '\n' 2>/dev/null || busybox tr -d '\n' 2>/dev/null || cat ); printf '\n'; printf 'cmd_err='; ( xxxxxx 2>&1 || true ) | ( head -c 250 2>/dev/null || busybox head -c 250 2>/dev/null || dd bs=250 count=1 2>/dev/null ) | ( tr -d '\n' 2>/dev/null || busybox tr -d '\n' 2>/dev/null || cat ); printf '\n'; printf 'execute_err='; out=$(bash -c 'printf ""#!/bin/bash\necho \""xxxxxx\""\n"" > filter && chmod +x filter && ./filter && rm -rf filter' 2>&1); case ""$out"" in *xxxxxx*) ;; *) out=$(/bin/bash -c 'printf ""#!/bin/bash\necho \""xxxxxx\""\n"" > filter && chmod +x filter && ./filter && rm -rf filter' 2>&1); case ""$out"" in *xxxxxx*) ;; *) out=$(/usr/bin/bash -c 'printf ""#!/bin/bash\necho \""xxxxxx\""\n"" > filter && chmod +x filter && ./filter && rm -rf filter' 2>&1); case ""$out"" in *xxxxxx*) ;; *) out=$(busybox sh -c 'printf ""#!/bin/sh\necho \""xxxxxx\""\n"" > filter && chmod +x filter && ./filter && rm -rf filter' 2>&1 || sh -c 'printf ""#!/bin/sh\necho \""xxxxxx\""\n"" > filter && chmod +x filter && ./filter && rm -rf filter' 2>&1); esac; esac; esac; printf '%s' ""$out"" | ( head -c 250 2>/dev/null || busybox head -c 250 2>/dev/null || dd bs=250 count=1 2>/dev/null ) | ( tr -d '\n' 2>/dev/null || busybox tr -d '\n' 2>/dev/null || cat ); printf '\n'; echo '===DONE===' ) 2>&1 )
echo ""UNAME:$uname""
echo ""ARCH:$arch""
echo ""UPTIME:$uptime""
echo ""CPUS:$cpus""
echo ""CPU_MODEL:$cpu_model""
echo ""GPU:$gpu_info""
echo ""LAST:$last_output""
echo ""FILTER:$filter_output"""
